{"data":{"player":{"team":"GDI"},"enemy":{"team":"NOD"},"map":{"type":"desert","sx":100,"sy":100,"data":[["rock1",240,240],["rock2",456,240],["rock3",720,720],["rock4",528,528],["rock5",72,360],["rock6",192,312],["tree4",120,120],["tree8",552,552],["tree8",288,288],["tree18",696,768],["tree8",960,72],["tree8",912,240],["water",0,408],["water",0,432],["water",0,456],["water",0,480],["water",0,504],["water",0,528],["water",0,552],["water",0,576],["water",0,600],["water",0,624],["water",0,648],["water",0,672],["water",0,696],["water",0,720],["water",0,744],["water",0,768],["water",0,792],["water",0,816],["water",0,840],["water",0,864],["water",0,888],["water",0,912],["water",0,936],["water",0,960],["water",0,984],["water",0,1008],["water",0,1032],["water",0,1056],["water",0,1080],["water",0,1104],["water",0,1128],["water",0,1152],["water",0,1176],["water",0,1200],["water",0,1224],["water",0,1248],["water",0,1272],["water",0,1296],["water",0,1320],["water",0,1344],["water",0,1368],["water",0,1392],["water",0,1416],["water",0,1440],["water",0,1464],["water",0,1488],["water",0,1512],["water",0,1536],["water",0,1560],["water",0,1584],["water",0,1608],["water",0,1632],["water",0,1656],["water",0,1680],["water",0,1704],["water",0,1728],["water",0,1752],["water",0,1776],["water",0,1800],["water",0,1824],["water",0,1848],["water",0,1872],["water",0,1896],["water",0,1920],["water",0,1944],["water",0,1968],["water",0,1992],["water",0,2016],["water",0,2040],["water",0,2064],["water",0,2088],["water",0,2112],["water",0,2136],["water",0,2160],["water",0,2184],["water",0,2208],["water",0,2232],["water",0,2256],["water",0,2280],["water",0,2304],["water",0,2328],["water",0,2352],["water",0,2376],["water",24,408],["water",24,432],["water",24,456],["water",24,480],["water",24,504],["water",24,528],["water",24,552],["water",24,576],["water",24,600],["water",24,624],["water",24,648],["water",24,672],["water",24,696],["water",24,720],["water",24,744],["water",24,768],["water",24,792],["water",24,816],["water",24,840],["water",24,864],["water",24,888],["water",24,912],["water",24,936],["water",24,960],["water",24,984],["water",24,1008],["water",24,1032],["water",24,1056],["water",24,1080],["water",24,1104],["water",24,1128],["water",24,1152],["water",24,1176],["water",24,1200],["water",24,1224],["water",24,1248],["water",24,1272],["water",24,1296],["water",24,1320],["water",24,1344],["water",24,1368],["water",24,1392],["water",24,1416],["water",24,1440],["water",24,1464],["water",24,1488],["water",24,1512],["water",24,1536],["water",24,1560],["water",24,1584],["water",24,1608],["water",24,1632],["water",24,1656],["water",24,1680],["water",24,1704],["water",24,1728],["water",24,1752],["water",24,1776],["water",24,1800],["water",24,1824],["water",24,1848],["water",24,1872],["water",24,1896],["water",24,1920],["water",24,1944],["water",24,1968],["water",24,1992],["water",24,2016],["water",24,2040],["water",24,2064],["water",24,2088],["water",24,2112],["water",24,2136],["water",24,2160],["water",24,2184],["water",24,2208],["water",24,2232],["water",24,2256],["water",24,2280],["water",24,2304],["water",24,2328],["water",24,2352],["water",24,2376],["water",48,408],["water",48,432],["water",48,456],["water",48,480],["water",48,504],["water",48,528],["water",48,552],["water",48,576],["water",48,600],["water",48,624],["water",48,648],["water",48,672],["water",48,696],["water",48,720],["water",48,744],["water",48,768],["water",48,792],["water",48,816],["water",48,840],["water",48,864],["water",48,888],["water",48,912],["water",48,936],["water",48,960],["water",48,984],["water",48,1008],["water",48,1032],["water",48,1056],["water",48,1080],["water",48,1104],["water",48,1128],["water",48,1152],["water",48,1176],["water",48,1200],["water",48,1224],["water",48,1248],["water",48,1272],["water",48,1296],["water",48,1320],["water",48,1344],["water",48,1368],["water",48,1392],["water",48,1416],["water",48,1440],["water",48,1464],["water",48,1488],["water",48,1512],["water",48,1536],["water",48,1560],["water",48,1584],["water",48,1608],["water",48,1632],["water",48,1656],["water",48,1680],["water",48,1704],["water",48,1728],["water",48,1752],["water",48,1776],["water",48,1800],["water",48,1824],["water",48,1848],["water",48,1872],["water",48,1896],["water",48,1920],["water",48,1944],["water",48,1968],["water",48,1992],["water",48,2016],["water",48,2040],["water",48,2064],["water",48,2088],["water",48,2112],["water",48,2136],["water",48,2160],["water",48,2184],["water",48,2208],["water",48,2232],["water",48,2256],["water",48,2280],["water",48,2304],["water",48,2328],["water",48,2352],["water",48,2376],["water",72,408],["water",72,432],["water",72,456],["water",72,480],["water",72,504],["water",72,528],["water",72,552],["water",72,576],["water",72,600],["water",72,624],["water",72,648],["water",72,672],["water",72,696],["water",72,720],["water",72,744],["water",72,768],["water",72,792],["water",72,816],["water",72,840],["water",72,864],["water",72,888],["water",72,912],["water",72,936],["water",72,960],["water",72,984],["water",72,1008],["water",72,1032],["water",72,1056],["water",72,1080],["water",72,1104],["water",72,1128],["water",72,1152],["water",72,1176],["water",72,1200],["water",72,1224],["water",72,1248],["water",72,1272],["water",72,1296],["water",72,1320],["water",72,1344],["water",72,1368],["water",72,1392],["water",72,1416],["water",72,1440],["water",72,1464],["water",72,1488],["water",72,1512],["water",72,1536],["water",72,1560],["water",72,1584],["water",72,1608],["water",72,1632],["water",72,1656],["water",72,1680],["water",72,1704],["water",72,1728],["water",72,1752],["water",72,1776],["water",72,1800],["water",72,1824],["water",72,1848],["water",72,1872],["water",72,1896],["water",72,1920],["water",72,1944],["water",72,1968],["water",72,1992],["water",72,2016],["water",72,2040],["water",72,2064],["water",72,2088],["water",72,2112],["water",72,2136],["water",72,2160],["water",72,2184],["water",72,2208],["water",72,2232],["water",72,2256],["water",72,2280],["water",72,2304],["water",72,2328],["water",72,2352],["water",72,2376],["water",96,408],["water",96,432],["water",96,456],["water",96,480],["water",96,504],["water",96,528],["water",96,552],["water",96,576],["water",96,600],["water",96,624],["water",96,648],["water",96,672],["water",96,696],["water",96,720],["water",96,744],["water",96,768],["water",96,792],["water",96,816],["water",96,840],["water",96,864],["water",96,888],["water",96,912],["water",96,936],["water",96,960],["water",96,984],["water",96,1008],["water",96,1032],["water",96,1056],["water",96,1080],["water",96,1104],["water",96,1128],["water",96,1152],["water",96,1176],["water",96,1200],["water",96,1224],["water",96,1248],["water",96,1272],["water",96,1296],["water",96,1320],["water",96,1344],["water",96,1368],["water",96,1392],["water",96,1416],["water",96,1440],["water",96,1464],["water",96,1488],["water",96,1512],["water",96,1536],["water",96,1560],["water",96,1584],["water",96,1608],["water",96,1632],["water",96,1656],["water",96,1680],["water",96,1704],["water",96,1728],["water",96,1752],["water",96,1776],["water",96,1800],["water",96,1824],["water",96,1848],["water",96,1872],["water",96,1896],["water",96,1920],["water",96,1944],["water",96,1968],["water",96,1992],["water",96,2016],["water",96,2040],["water",96,2064],["water",96,2088],["water",96,2112],["water",96,2136],["water",96,2160],["water",96,2184],["water",96,2208],["water",96,2232],["water",96,2256],["water",96,2280],["water",96,2304],["water",96,2328],["water",96,2352],["water",96,2376],["water",120,408],["water",120,432],["water",120,456],["water",120,480],["water",120,504],["water",120,528],["water",120,552],["water",120,576],["water",120,600],["water",120,624],["water",120,648],["water",120,672],["water",120,696],["water",120,720],["water",120,744],["water",120,768],["water",120,792],["water",120,816],["water",120,840],["water",120,864],["water",120,888],["water",120,912],["water",120,936],["water",120,960],["water",120,984],["water",120,1008],["water",120,1032],["water",120,1056],["water",120,1080],["water",120,1104],["water",120,1128],["water",120,1152],["water",120,1176],["water",120,1200],["water",120,1224],["water",120,1248],["water",120,1272],["water",120,1296],["water",120,1320],["water",120,1344],["water",120,1368],["water",120,1392],["water",120,1416],["water",120,1440],["water",120,1464],["water",120,1488],["water",120,1512],["water",120,1536],["water",120,1560],["water",120,1584],["water",120,1608],["water",120,1632],["water",120,1656],["water",120,1680],["water",120,1704],["water",120,1728],["water",120,1752],["water",120,1776],["water",120,1800],["water",120,1824],["water",120,1848],["water",120,1872],["water",120,1896],["water",120,1920],["water",120,1944],["water",120,1968],["water",120,1992],["water",120,2016],["water",120,2040],["water",120,2064],["water",120,2088],["water",120,2112],["water",120,2136],["water",120,2160],["water",120,2184],["water",120,2208],["water",120,2232],["water",120,2256],["water",120,2280],["water",120,2304],["water",120,2328],["water",120,2352],["water",120,2376],["water",144,408],["water",144,432],["water",144,456],["water",144,480],["water",144,504],["water",144,528],["water",144,552],["water",144,576],["water",144,600],["water",144,624],["water",144,648],["water",144,672],["water",144,696],["water",144,720],["water",144,744],["water",144,768],["water",144,792],["water",144,816],["water",144,840],["water",144,864],["water",144,888],["water",144,912],["water",144,936],["water",144,960],["water",144,984],["water",144,1008],["water",144,1032],["water",144,1056],["water",144,1080],["water",144,1104],["water",144,1128],["water",144,1152],["water",144,1176],["water",144,1200],["water",144,1224],["water",144,1248],["water",144,1272],["water",144,1296],["water",144,1320],["water",144,1344],["water",144,1368],["water",144,1392],["water",144,1416],["water",144,1440],["water",144,1464],["water",144,1488],["water",144,1512],["water",144,1536],["water",144,1560],["water",144,1584],["water",144,1608],["water",144,1632],["water",144,1656],["water",144,1680],["water",144,1704],["water",144,1728],["water",144,1752],["water",144,1776],["water",144,1800],["water",144,1824],["water",144,1848],["water",144,1872],["water",144,1896],["water",144,1920],["water",144,1944],["water",144,1968],["water",144,1992],["water",144,2016],["water",144,2040],["water",144,2064],["water",144,2088],["water",144,2112],["water",144,2136],["water",144,2160],["water",144,2184],["water",144,2208],["water",144,2232],["water",144,2256],["water",144,2280],["water",144,2304],["water",144,2328],["water",144,2352],["water",144,2376],["water",168,408],["water",168,432],["water",168,456],["water",168,480],["water",168,504],["water",168,528],["water",168,552],["water",168,576],["water",168,600],["water",168,624],["water",168,648],["water",168,672],["water",168,696],["water",168,720],["water",168,744],["water",168,768],["water",168,792],["water",168,816],["water",168,840],["water",168,864],["water",168,888],["water",168,912],["water",168,936],["water",168,960],["water",168,984],["water",168,1008],["water",168,1032],["water",168,1056],["water",168,1080],["water",168,1104],["water",168,1128],["water",168,1152],["water",168,1176],["water",168,1200],["water",168,1224],["water",168,1248],["water",168,1272],["water",168,1296],["water",168,1320],["water",168,1344],["water",168,1368],["water",168,1392],["water",168,1416],["water",168,1440],["water",168,1464],["water",168,1488],["water",168,1512],["water",168,1536],["water",168,1560],["water",168,1584],["water",168,1608],["water",168,1632],["water",168,1656],["water",168,1680],["water",168,1704],["water",168,1728],["water",168,1752],["water",168,1776],["water",168,1800],["water",168,1824],["water",168,1848],["water",168,1872],["water",168,1896],["water",168,1920],["water",168,1944],["water",168,1968],["water",168,1992],["water",168,2016],["water",168,2040],["water",168,2064],["water",168,2088],["water",168,2112],["water",168,2136],["water",168,2160],["water",168,2184],["water",168,2208],["water",168,2232],["water",168,2256],["water",168,2280],["water",168,2304],["water",168,2328],["water",168,2352],["water",168,2376],["water",192,408],["water",192,432],["water",192,456],["water",192,480],["water",192,504],["water",192,528],["water",192,552],["water",192,576],["water",192,600],["water",192,624],["water",192,648],["water",192,672],["water",192,696],["water",192,720],["water",192,744],["water",192,768],["water",192,792],["water",192,816],["water",192,840],["water",192,864],["water",192,888],["water",192,912],["water",192,936],["water",192,960],["water",192,984],["water",192,1008],["water",192,1032],["water",192,1056],["water",192,1080],["water",192,1104],["water",192,1128],["water",192,1152],["water",192,1176],["water",192,1200],["water",192,1224],["water",192,1248],["water",192,1272],["water",192,1296],["water",192,1320],["water",192,1344],["water",192,1368],["water",192,1392],["water",192,1416],["water",192,1440],["water",192,1464],["water",192,1488],["water",192,1512],["water",192,1536],["water",192,1560],["water",192,1584],["water",192,1608],["water",192,1632],["water",192,1656],["water",192,1680],["water",192,1704],["water",192,1728],["water",192,1752],["water",192,1776],["water",192,1800],["water",192,1824],["water",192,1848],["water",192,1872],["water",192,1896],["water",192,1920],["water",192,1944],["water",192,1968],["water",192,1992],["water",192,2016],["water",192,2040],["water",192,2064],["water",192,2088],["water",192,2112],["water",192,2136],["water",192,2160],["water",192,2184],["water",192,2208],["water",192,2232],["water",192,2256],["water",192,2280],["water",192,2304],["water",192,2328],["water",192,2352],["water",192,2376],["water",216,408],["water",216,432],["water",216,456],["water",216,480],["water",216,504],["water",216,528],["water",216,552],["water",216,576],["water",216,600],["water",216,624],["water",216,648],["water",216,672],["water",216,696],["water",216,720],["water",216,744],["water",216,768],["water",216,792],["water",216,816],["water",216,840],["water",216,864],["water",216,888],["water",216,912],["water",216,936],["water",216,960],["water",216,984],["water",216,1008],["water",216,1032],["water",216,1056],["water",216,1080],["water",216,1104],["water",216,1128],["water",216,1152],["water",216,1176],["water",216,1200],["water",216,1224],["water",216,1248],["water",216,1272],["water",216,1296],["water",216,1320],["water",216,1344],["water",216,1368],["water",216,1392],["water",216,1416],["water",216,1440],["water",216,1464],["water",216,1488],["water",216,1512],["water",216,1536],["water",216,1560],["water",216,1584],["water",216,1608],["water",216,1632],["water",216,1656],["water",216,1680],["water",216,1704],["water",216,1728],["water",216,1752],["water",216,1776],["water",216,1800],["water",216,1824],["water",216,1848],["water",216,1872],["water",216,1896],["water",216,1920],["water",216,1944],["water",216,1968],["water",216,1992],["water",216,2016],["water",216,2040],["water",216,2064],["water",216,2088],["water",216,2112],["water",216,2136],["water",216,2160],["water",216,2184],["water",216,2208],["water",216,2232],["water",216,2256],["water",216,2280],["water",216,2304],["water",216,2328],["water",216,2352],["water",216,2376],["water",240,408],["water",240,432],["water",240,456],["water",240,480],["water",240,504],["water",240,528],["water",240,552],["water",240,576],["water",240,600],["water",240,624],["water",240,648],["water",240,672],["water",240,696],["water",240,720],["water",240,744],["water",240,768],["water",240,792],["water",240,816],["water",240,840],["water",240,864],["water",240,888],["water",240,912],["water",240,936],["water",240,960],["water",240,984],["water",240,1008],["water",240,1032],["water",240,1056],["water",240,1080],["water",240,1104],["water",240,1128],["water",240,1152],["water",240,1176],["water",240,1200],["water",240,1224],["water",240,1248],["water",240,1272],["water",240,1296],["water",240,1320],["water",240,1344],["water",240,1368],["water",240,1392],["water",240,1416],["water",240,1440],["water",240,1464],["water",240,1488],["water",240,1512],["water",240,1536],["water",240,1560],["water",240,1584],["water",240,1608],["water",240,1632],["water",240,1656],["water",240,1680],["water",240,1704],["water",240,1728],["water",240,1752],["water",240,1776],["water",240,1800],["water",240,1824],["water",240,1848],["water",240,1872],["water",240,1896],["water",240,1920],["water",240,1944],["water",240,1968],["water",240,1992],["water",240,2016],["water",240,2040],["water",240,2064],["water",240,2088],["water",240,2112],["water",240,2136],["water",240,2160],["water",240,2184],["water",240,2208],["water",240,2232],["water",240,2256],["water",240,2280],["water",240,2304],["water",240,2328],["water",240,2352],["water",240,2376],["water",264,408],["water",264,432],["water",264,456],["water",264,480],["water",264,504],["water",264,528],["water",264,552],["water",264,576],["water",264,600],["water",264,624],["water",264,648],["water",264,672],["water",264,696],["water",264,720],["water",264,744],["water",264,768],["water",264,792],["water",264,816],["water",264,840],["water",264,864],["water",264,888],["water",264,912],["water",264,936],["water",264,960],["water",264,984],["water",264,1008],["water",264,1032],["water",264,1056],["water",264,1080],["water",264,1104],["water",264,1128],["water",264,1152],["water",264,1176],["water",264,1200],["water",264,1224],["water",264,1248],["water",264,1272],["water",264,1296],["water",264,1320],["water",264,1344],["water",264,1368],["water",264,1392],["water",264,1416],["water",264,1440],["water",264,1464],["water",264,1488],["water",264,1512],["water",264,1536],["water",264,1560],["water",264,1584],["water",264,1608],["water",264,1632],["water",264,1656],["water",264,1680],["water",264,1704],["water",264,1728],["water",264,1752],["water",264,1776],["water",264,1800],["water",264,1824],["water",264,1848],["water",264,1872],["water",264,1896],["water",264,1920],["water",264,1944],["water",264,1968],["water",264,1992],["water",264,2016],["water",264,2040],["water",264,2064],["water",264,2088],["water",264,2112],["water",264,2136],["water",264,2160],["water",264,2184],["water",264,2208],["water",264,2232],["water",264,2256],["water",264,2280],["water",264,2304],["water",264,2328],["water",264,2352],["water",264,2376],["water",288,408],["water",288,432],["water",288,456],["water",288,480],["water",288,504],["water",288,528],["water",288,552],["water",288,576],["water",288,600],["water",288,624],["water",288,648],["water",288,672],["water",288,696],["water",288,720],["water",288,744],["water",288,768],["water",288,792],["water",288,816],["water",288,840],["water",288,864],["water",288,888],["water",288,912],["water",288,936],["water",288,960],["water",288,984],["water",288,1008],["water",288,1032],["water",288,1056],["water",288,1080],["water",288,1104],["water",288,1128],["water",288,1152],["water",288,1176],["water",288,1200],["water",288,1224],["water",288,1248],["water",288,1272],["water",288,1296],["water",288,1320],["water",288,1344],["water",288,1368],["water",288,1392],["water",288,1416],["water",288,1440],["water",288,1464],["water",288,1488],["water",288,1512],["water",288,1536],["water",288,1560],["water",288,1584],["water",288,1608],["water",288,1632],["water",288,1656],["water",288,1680],["water",288,1704],["water",288,1728],["water",288,1752],["water",288,1776],["water",288,1800],["water",288,1824],["water",288,1848],["water",288,1872],["water",288,1896],["water",288,1920],["water",288,1944],["water",288,1968],["water",288,1992],["water",288,2016],["water",288,2040],["water",288,2064],["water",288,2088],["water",288,2112],["water",288,2136],["water",288,2160],["water",288,2184],["water",288,2208],["water",288,2232],["water",288,2256],["water",288,2280],["water",288,2304],["water",288,2328],["water",288,2352],["water",288,2376],["water",312,408],["water",312,432],["water",312,456],["water",312,480],["water",312,504],["water",312,528],["water",312,552],["water",312,576],["water",312,600],["water",312,624],["water",312,648],["water",312,672],["water",312,696],["water",312,720],["water",312,744],["water",312,768],["water",312,792],["water",312,816],["water",312,840],["water",312,864],["water",312,888],["water",312,912],["water",312,936],["water",312,960],["water",312,984],["water",312,1008],["water",312,1032],["water",312,1056],["water",312,1080],["water",312,1104],["water",312,1128],["water",312,1152],["water",312,1176],["water",312,1200],["water",312,1224],["water",312,1248],["water",312,1272],["water",312,1296],["water",312,1320],["water",312,1344],["water",312,1368],["water",312,1392],["water",312,1416],["water",312,1440],["water",312,1464],["water",312,1488],["water",312,1512],["water",312,1536],["water",312,1560],["water",312,1584],["water",312,1608],["water",312,1632],["water",312,1656],["water",312,1680],["water",312,1704],["water",312,1728],["water",312,1752],["water",312,1776],["water",312,1800],["water",312,1824],["water",312,1848],["water",312,1872],["water",312,1896],["water",312,1920],["water",312,1944],["water",312,1968],["water",312,1992],["water",312,2016],["water",312,2040],["water",312,2064],["water",312,2088],["water",312,2112],["water",312,2136],["water",312,2160],["water",312,2184],["water",312,2208],["water",312,2232],["water",312,2256],["water",312,2280],["water",312,2304],["water",312,2328],["water",312,2352],["water",312,2376],["water",336,408],["water",336,432],["water",336,456],["water",336,480],["water",336,504],["water",336,528],["water",336,552],["water",336,576],["water",336,600],["water",336,624],["water",336,648],["water",336,672],["water",336,696],["water",336,720],["water",336,744],["water",336,768],["water",336,792],["water",336,816],["water",336,840],["water",336,864],["water",336,888],["water",336,912],["water",336,936],["water",336,960],["water",336,984],["water",336,1008],["water",336,1032],["water",336,1056],["water",336,1080],["water",336,1104],["water",336,1128],["water",336,1152],["water",336,1176],["water",336,1200],["water",336,1224],["water",336,1248],["water",336,1272],["water",336,1296],["water",336,1320],["water",336,1344],["water",336,1368],["water",336,1392],["water",336,1416],["water",336,1440],["water",336,1464],["water",336,1488],["water",336,1512],["water",336,1536],["water",336,1560],["water",336,1584],["water",336,1608],["water",336,1632],["water",336,1656],["water",336,1680],["water",336,1704],["water",336,1728],["water",336,1752],["water",336,1776],["water",336,1800],["water",336,1824],["water",336,1848],["water",336,1872],["water",336,1896],["water",336,1920],["water",336,1944],["water",336,1968],["water",336,1992],["water",336,2016],["water",336,2040],["water",336,2064],["water",336,2088],["water",336,2112],["water",336,2136],["water",336,2160],["water",336,2184],["water",336,2208],["water",336,2232],["water",336,2256],["water",336,2280],["water",336,2304],["water",336,2328],["water",336,2352],["water",336,2376],["water",360,408],["water",360,432],["water",360,456],["water",360,480],["water",360,504],["water",360,528],["water",360,552],["water",360,576],["water",360,600],["water",360,624],["water",360,648],["water",360,672],["water",360,696],["water",360,720],["water",360,744],["water",360,768],["water",360,792],["water",360,816],["water",360,840],["water",360,864],["water",360,888],["water",360,912],["water",360,936],["water",360,960],["water",360,984],["water",360,1008],["water",360,1032],["water",360,1056],["water",360,1080],["water",360,1104],["water",360,1128],["water",360,1152],["water",360,1176],["water",360,1200],["water",360,1224],["water",360,1248],["water",360,1272],["water",360,1296],["water",360,1320],["water",360,1344],["water",360,1368],["water",360,1392],["water",360,1416],["water",360,1440],["water",360,1464],["water",360,1488],["water",360,1512],["water",360,1536],["water",360,1560],["water",360,1584],["water",360,1608],["water",360,1632],["water",360,1656],["water",360,1680],["water",360,1704],["water",360,1728],["water",360,1752],["water",360,1776],["water",360,1800],["water",360,1824],["water",360,1848],["water",360,1872],["water",360,1896],["water",360,1920],["water",360,1944],["water",360,1968],["water",360,1992],["water",360,2016],["water",360,2040],["water",360,2064],["water",360,2088],["water",360,2112],["water",360,2136],["water",360,2160],["water",360,2184],["water",360,2208],["water",360,2232],["water",360,2256],["water",360,2280],["water",360,2304],["water",360,2328],["water",360,2352],["water",360,2376],["water",384,408],["water",384,432],["water",384,456],["water",384,480],["water",384,504],["water",384,528],["water",384,552],["water",384,576],["water",384,600],["water",384,624],["water",384,648],["water",384,672],["water",384,696],["water",384,720],["water",384,744],["water",384,768],["water",384,792],["water",384,816],["water",384,840],["water",384,864],["water",384,888],["water",384,912],["water",384,936],["water",384,960],["water",384,984],["water",384,1008],["water",384,1032],["water",384,1056],["water",384,1080],["water",384,1104],["water",384,1128],["water",384,1152],["water",384,1176],["water",384,1200],["water",384,1224],["water",384,1248],["water",384,1272],["water",384,1296],["water",384,1320],["water",384,1344],["water",384,1368],["water",384,1392],["water",384,1416],["water",384,1440],["water",384,1464],["water",384,1488],["water",384,1512],["water",384,1536],["water",384,1560],["water",384,1584],["water",384,1608],["water",384,1632],["water",384,1656],["water",384,1680],["water",384,1704],["water",384,1728],["water",384,1752],["water",384,1776],["water",384,1800],["water",384,1824],["water",384,1848],["water",384,1872],["water",384,1896],["water",384,1920],["water",384,1944],["water",384,1968],["water",384,1992],["water",384,2016],["water",384,2040],["water",384,2064],["water",384,2088],["water",384,2112],["water",384,2136],["water",384,2160],["water",384,2184],["water",384,2208],["water",384,2232],["water",384,2256],["water",384,2280],["water",384,2304],["water",384,2328],["water",384,2352],["water",384,2376],["water",408,408],["water",408,432],["water",408,456],["water",408,480],["water",408,504],["water",408,528],["water",408,552],["water",408,576],["water",408,600],["water",408,624],["water",408,648],["water",408,672],["water",408,696],["water",408,720],["water",408,744],["water",408,768],["water",408,792],["water",408,816],["water",408,840],["water",408,864],["water",408,888],["water",408,912],["water",408,936],["water",408,960],["water",408,984],["water",408,1008],["water",408,1032],["water",408,1056],["water",408,1080],["water",408,1104],["water",408,1128],["water",408,1152],["water",408,1176],["water",408,1200],["water",408,1224],["water",408,1248],["water",408,1272],["water",408,1296],["water",408,1320],["water",408,1344],["water",408,1368],["water",408,1392],["water",408,1416],["water",408,1440],["water",408,1464],["water",408,1488],["water",408,1512],["water",408,1536],["water",408,1560],["water",408,1584],["water",408,1608],["water",408,1632],["water",408,1656],["water",408,1680],["water",408,1704],["water",408,1728],["water",408,1752],["water",408,1776],["water",408,1800],["water",408,1824],["water",408,1848],["water",408,1872],["water",408,1896],["water",408,1920],["water",408,1944],["water",408,1968],["water",408,1992],["water",408,2016],["water",408,2040],["water",408,2064],["water",408,2088],["water",408,2112],["water",408,2136],["water",408,2160],["water",408,2184],["water",408,2208],["water",408,2232],["water",408,2256],["water",408,2280],["water",408,2304],["water",408,2328],["water",408,2352],["water",408,2376],["water",432,408],["water",432,432],["water",432,456],["water",432,480],["water",432,504],["water",432,528],["water",432,552],["water",432,576],["water",432,600],["water",432,624],["water",432,648],["water",432,672],["water",432,696],["water",432,720],["water",432,744],["water",432,768],["water",432,792],["water",432,816],["water",432,840],["water",432,864],["water",432,888],["water",432,912],["water",432,936],["water",432,960],["water",432,984],["water",432,1008],["water",432,1032],["water",432,1056],["water",432,1080],["water",432,1104],["water",432,1128],["water",432,1152],["water",432,1176],["water",432,1200],["water",432,1224],["water",432,1248],["water",432,1272],["water",432,1296],["water",432,1320],["water",432,1344],["water",432,1368],["water",432,1392],["water",432,1416],["water",432,1440],["water",432,1464],["water",432,1488],["water",432,1512],["water",432,1536],["water",432,1560],["water",432,1584],["water",432,1608],["water",432,1632],["water",432,1656],["water",432,1680],["water",432,1704],["water",432,1728],["water",432,1752],["water",432,1776],["water",432,1800],["water",432,1824],["water",432,1848],["water",432,1872],["water",432,1896],["water",432,1920],["water",432,1944],["water",432,1968],["water",432,1992],["water",432,2016],["water",432,2040],["water",432,2064],["water",432,2088],["water",432,2112],["water",432,2136],["water",432,2160],["water",432,2184],["water",432,2208],["water",432,2232],["water",432,2256],["water",432,2280],["water",432,2304],["water",432,2328],["water",432,2352],["water",432,2376],["water",456,408],["water",456,432],["water",456,456],["water",456,480],["water",456,504],["water",456,528],["water",456,552],["water",456,576],["water",456,600],["water",456,624],["water",456,648],["water",456,672],["water",456,696],["water",456,720],["water",456,744],["water",456,768],["water",456,792],["water",456,816],["water",456,840],["water",456,864],["water",456,888],["water",456,912],["water",456,936],["water",456,960],["water",456,984],["water",456,1008],["water",456,1032],["water",456,1056],["water",456,1080],["water",456,1104],["water",456,1128],["water",456,1152],["water",456,1176],["water",456,1200],["water",456,1224],["water",456,1248],["water",456,1272],["water",456,1296],["water",456,1320],["water",456,1344],["water",456,1368],["water",456,1392],["water",456,1416],["water",456,1440],["water",456,1464],["water",456,1488],["water",456,1512],["water",456,1536],["water",456,1560],["water",456,1584],["water",456,1608],["water",456,1632],["water",456,1656],["water",456,1680],["water",456,1704],["water",456,1728],["water",456,1752],["water",456,1776],["water",456,1800],["water",456,1824],["water",456,1848],["water",456,1872],["water",456,1896],["water",456,1920],["water",456,1944],["water",456,1968],["water",456,1992],["water",456,2016],["water",456,2040],["water",456,2064],["water",456,2088],["water",456,2112],["water",456,2136],["water",456,2160],["water",456,2184],["water",456,2208],["water",456,2232],["water",456,2256],["water",456,2280],["water",456,2304],["water",456,2328],["water",456,2352],["water",456,2376],["water",480,408],["water",480,432],["water",480,456],["water",480,480],["water",480,504],["water",480,528],["water",480,552],["water",480,576],["water",480,600],["water",480,624],["water",480,648],["water",480,672],["water",480,696],["water",480,720],["water",480,744],["water",480,768],["water",480,792],["water",480,816],["water",480,840],["water",480,864],["water",480,888],["water",480,912],["water",480,936],["water",480,960],["water",480,984],["water",480,1008],["water",480,1032],["water",480,1056],["water",480,1080],["water",480,1104],["water",480,1128],["water",480,1152],["water",480,1176],["water",480,1200],["water",480,1224],["water",480,1248],["water",480,1272],["water",480,1296],["water",480,1320],["water",480,1344],["water",480,1368],["water",480,1392],["water",480,1416],["water",480,1440],["water",480,1464],["water",480,1488],["water",480,1512],["water",480,1536],["water",480,1560],["water",480,1584],["water",480,1608],["water",480,1632],["water",480,1656],["water",480,1680],["water",480,1704],["water",480,1728],["water",480,1752],["water",480,1776],["water",480,1800],["water",480,1824],["water",480,1848],["water",480,1872],["water",480,1896],["water",480,1920],["water",480,1944],["water",480,1968],["water",480,1992],["water",480,2016],["water",480,2040],["water",480,2064],["water",480,2088],["water",480,2112],["water",480,2136],["water",480,2160],["water",480,2184],["water",480,2208],["water",480,2232],["water",480,2256],["water",480,2280],["water",480,2304],["water",480,2328],["water",480,2352],["water",480,2376],["water",504,408],["water",504,432],["water",504,456],["water",504,480],["water",504,504],["water",504,528],["water",504,552],["water",504,576],["water",504,600],["water",504,624],["water",504,648],["water",504,672],["water",504,696],["water",504,720],["water",504,744],["water",504,768],["water",504,792],["water",504,816],["water",504,840],["water",504,864],["water",504,888],["water",504,912],["water",504,936],["water",504,960],["water",504,984],["water",504,1008],["water",504,1032],["water",504,1056],["water",504,1080],["water",504,1104],["water",504,1128],["water",504,1152],["water",504,1176],["water",504,1200],["water",504,1224],["water",504,1248],["water",504,1272],["water",504,1296],["water",504,1320],["water",504,1344],["water",504,1368],["water",504,1392],["water",504,1416],["water",504,1440],["water",504,1464],["water",504,1488],["water",504,1512],["water",504,1536],["water",504,1560],["water",504,1584],["water",504,1608],["water",504,1632],["water",504,1656],["water",504,1680],["water",504,1704],["water",504,1728],["water",504,1752],["water",504,1776],["water",504,1800],["water",504,1824],["water",504,1848],["water",504,1872],["water",504,1896],["water",504,1920],["water",504,1944],["water",504,1968],["water",504,1992],["water",504,2016],["water",504,2040],["water",504,2064],["water",504,2088],["water",504,2112],["water",504,2136],["water",504,2160],["water",504,2184],["water",504,2208],["water",504,2232],["water",504,2256],["water",504,2280],["water",504,2304],["water",504,2328],["water",504,2352],["water",504,2376],["water",528,408],["water",528,432],["water",528,456],["water",528,480],["water",528,504],["water",528,528],["water",528,552],["water",528,576],["water",528,600],["water",528,624],["water",528,648],["water",528,672],["water",528,696],["water",528,720],["water",528,744],["water",528,768],["water",528,792],["water",528,816],["water",528,840],["water",528,864],["water",528,888],["water",528,912],["water",528,936],["water",528,960],["water",528,984],["water",528,1008],["water",528,1032],["water",528,1056],["water",528,1080],["water",528,1104],["water",528,1128],["water",528,1152],["water",528,1176],["water",528,1200],["water",528,1224],["water",528,1248],["water",528,1272],["water",528,1296],["water",528,1320],["water",528,1344],["water",528,1368],["water",528,1392],["water",528,1416],["water",528,1440],["water",528,1464],["water",528,1488],["water",528,1512],["water",528,1536],["water",528,1560],["water",528,1584],["water",528,1608],["water",528,1632],["water",528,1656],["water",528,1680],["water",528,1704],["water",528,1728],["water",528,1752],["water",528,1776],["water",528,1800],["water",528,1824],["water",528,1848],["water",528,1872],["water",528,1896],["water",528,1920],["water",528,1944],["water",528,1968],["water",528,1992],["water",528,2016],["water",528,2040],["water",528,2064],["water",528,2088],["water",528,2112],["water",528,2136],["water",528,2160],["water",528,2184],["water",528,2208],["water",528,2232],["water",528,2256],["water",528,2280],["water",528,2304],["water",528,2328],["water",528,2352],["water",528,2376],["water",552,408],["water",552,432],["water",552,456],["water",552,480],["water",552,504],["water",552,528],["water",552,552],["water",552,576],["water",552,600],["water",552,624],["water",552,648],["water",552,672],["water",552,696],["water",552,720],["water",552,744],["water",552,768],["water",552,792],["water",552,816],["water",552,840],["water",552,864],["water",552,888],["water",552,912],["water",552,936],["water",552,960],["water",552,984],["water",552,1008],["water",552,1032],["water",552,1056],["water",552,1080],["water",552,1104],["water",552,1128],["water",552,1152],["water",552,1176],["water",552,1200],["water",552,1224],["water",552,1248],["water",552,1272],["water",552,1296],["water",552,1320],["water",552,1344],["water",552,1368],["water",552,1392],["water",552,1416],["water",552,1440],["water",552,1464],["water",552,1488],["water",552,1512],["water",552,1536],["water",552,1560],["water",552,1584],["water",552,1608],["water",552,1632],["water",552,1656],["water",552,1680],["water",552,1704],["water",552,1728],["water",552,1752],["water",552,1776],["water",552,1800],["water",552,1824],["water",552,1848],["water",552,1872],["water",552,1896],["water",552,1920],["water",552,1944],["water",552,1968],["water",552,1992],["water",552,2016],["water",552,2040],["water",552,2064],["water",552,2088],["water",552,2112],["water",552,2136],["water",552,2160],["water",552,2184],["water",552,2208],["water",552,2232],["water",552,2256],["water",552,2280],["water",552,2304],["water",552,2328],["water",552,2352],["water",552,2376],["water",576,408],["water",576,432],["water",576,456],["water",576,480],["water",576,504],["water",576,528],["water",576,552],["water",576,576],["water",576,600],["water",576,624],["water",576,648],["water",576,672],["water",576,696],["water",576,720],["water",576,744],["water",576,768],["water",576,792],["water",576,816],["water",576,840],["water",576,864],["water",576,888],["water",576,912],["water",576,936],["water",576,960],["water",576,984],["water",576,1008],["water",576,1032],["water",576,1056],["water",576,1080],["water",576,1104],["water",576,1128],["water",576,1152],["water",576,1176],["water",576,1200],["water",576,1224],["water",576,1248],["water",576,1272],["water",576,1296],["water",576,1320],["water",576,1344],["water",576,1368],["water",576,1392],["water",576,1416],["water",576,1440],["water",576,1464],["water",576,1488],["water",576,1512],["water",576,1536],["water",576,1560],["water",576,1584],["water",576,1608],["water",576,1632],["water",576,1656],["water",576,1680],["water",576,1704],["water",576,1728],["water",576,1752],["water",576,1776],["water",576,1800],["water",576,1824],["water",576,1848],["water",576,1872],["water",576,1896],["water",576,1920],["water",576,1944],["water",576,1968],["water",576,1992],["water",576,2016],["water",576,2040],["water",576,2064],["water",576,2088],["water",576,2112],["water",576,2136],["water",576,2160],["water",576,2184],["water",576,2208],["water",576,2232],["water",576,2256],["water",576,2280],["water",576,2304],["water",576,2328],["water",576,2352],["water",576,2376]]},"objects":[["HUMVee",0,48,168],["HUMVee",0,96,168],["HUMVee",0,144,168],["ConstructionYard",0,48,48],["Barracks",0,120,48],["Minigunner",0,480,48],["Minigunner",0,480,72],["Minigunner",0,480,96],["HUMVee",1,2000,1700],["HUMVee",1,2000,1750],["HUMVee",1,2000,1800],["ConstructionYard",1,2000,2000]]},"preload":{"gfx":["desert\/tile","desert\/water","desert\/coast_s","desert\/rock1","desert\/rock2","desert\/rock3","desert\/rock4","desert\/rock5","desert\/rock6","desert\/rock7","desert\/t04","desert\/t08","desert\/t09","desert\/t18","gdi\/units\/jeep_sprite","gdi\/units\/minigunner_sprite","gdi\/structures\/hq_sprite","gdi\/structures\/power_sprite","gdi\/structures\/adv_power_sprite","gdi\/structures\/barracks_sprite","gdi\/structures\/refinery_sprite","gdi\/structures\/factory_sprite","gdi\/structures\/silo_sprite","gdi\/structures\/comm_sprite","gdi\/structures\/adv_comm_sprite","gdi\/structures\/helipad_sprite","gdi\/structures\/repair_sprite","gdi\/structures\/guardtower_sprite","gdi\/structures\/adv_guardtower_sprite"],"snd":["await1","ackno","affirm1","yessir1","roger","movout1","ritaway","ritaway","ugotit","unit1","vehic1"]}}